{"accuracy": 0.8928571428571429, "precision": 0.8873239436619719, "recall": 0.9, "f1_score": 0.8936170212765957, "confusion_matrix": [[124, 16], [14, 126]]}